Station,OS X,OS Y,Latitude,Longitude,Zone,Postcode
Abbey Road,539081,183352,51.531951986717097,0.003723371097171,"3",E15 3NB
Abbey Wood,547297,179002,51.490784095703098,0.120271969782359,"4",SE2 9RH
Acton Central,520613,180299,51.508757780189597,-0.263430199363473,"2",W3 6BD
Acton Main Line,520296,181196,51.516886931048298,-0.267689952184077,"3",W3 0BP
Acton Town,519457,179639,51.503071442963503,-0.280302701406010,"3",W3 8HN
Addington Village,537082,163744,51.356238590430102,-0.032665100391443,"3,4,5,6",CR0 5AR
Addiscombe,534190,166290,51.379808289594102,-0.073213282826759,"3,4,5,6",CR0 7AA
Albany Park,547903,172902,51.435815606227699,0.126444637772442,"5",DA5 3HP
Aldgate,533629,181246,51.514342378741503,-0.075626912650157,"1",EC3N 1AH
Aldgate East,533809,181333,51.515081622640402,-0.073001462725814,"1",E1 7PT
Alexandra Palace,530300,190498,51.598262822649701,-0.120148972194536,"3",N22 7ST
All Saints,538012,180933,51.510476924440603,-0.012624885368483,"2",E14 0EH
Alperton,518025,183849,51.541209274361400,-0.299515758699207,"4",HA0 4LL
Amersham,496454,198181,51.674129317942104,-0.606513789355774,"9",HP6 5AZ
Ampere Way,530674,166476,51.382299420008998,-0.123636799345144,"3,4,5,6",CR0 3JX
Anerley,534656,169942,51.412516717902399,-0.065137100121253,"4",SE20 8AG
Angel,531497,183263,51.532968015689107,-0.105581448946398,"1",N1 8XB
Angel Road,535204,192202,51.612420319590001,-0.048732919373546,"4",N18 3AY
Archway,529356,186827,51.565490534077398,-0.135121576677549,"2,3",N19 5RQ
Arena,535192,167620,51.391522751976801,-0.058318550080512,"3,4,5,6",SE25 4RY
Arnos Grove,529271,192471,51.616230141680198,-0.134270218764562,"4",N11 1AN
Arsenal,531429,186107,51.558541375719301,-0.105499933602789,"2",N5 1LP
Avenue Road,535764,169335,51.406797982744202,-0.049446937112127,"3,4,5,6",BR3 4NJ
Baker Street,527965,182078,51.523129620439107,-0.156904194412620,"1",NW1 5LA
Balham,528482,173195,51.443182562032597,-0.152685163343656,"3",SW12 9SG
Bank,532704,181111,51.513347062295999,-0.089000123949670,"1",EC3V 3LA
Banstead,524590,160426,51.329293122952201,-0.213132336180543,"6",SM7 1RB
Barbican,532079,181859,51.520215283541098,-0.097721578640309,"1",EC1A 4JA
Barking,544405,184343,51.539521113341301,0.080831610012865,"4",IG11 8TU
Barkingside,544788,189510,51.585850613937801,0.088476639639211,"4",IG6 1NB
Barnehurst,550206,176193,51.464780286885897,0.160948022415047,"6",DA7 6HQ
Barnes,522209,175705,51.467127772708501,-0.242033062031602,"3",SW13 0LW
Barnes Bridge,521478,176255,51.472228052683697,-0.252362617035817,"3",SW13 0NR
Barons Court,524133,178322,51.490228681975893,-0.213430145064537,"2",W14 9DP
Battersea Park,528703,176999,51.477318323120997,-0.148123761663195,"2",SW8 4NB
Bayswater,525845,180799,51.512111288366697,-0.187901573927441,"1",W2 4QH
Beckenham Hill,538002,171379,51.424626057956999,-0.016495761983281,"4",SE6 3NU
Beckenham Junction,537403,169840,51.410941641376098,-0.025701739150789,"4",BR3 1HY
Beckenham Road,536177,169650,51.409529748359901,-0.043391922075085,"3,4,5,6",BR3 4RR
Beckton,543145,181509,51.514376629554000,0.061525296932328,"3",E6 5NT
Beckton Park,542697,180887,51.508900793712201,0.054821938864239,"3",E6 5NE
Becontree,547598,184442,51.539585409262401,0.126880291739040,"5",RM9 4TP
Beddington Lane,529367,167215,51.389239881920702,-0.142138434359917,"3,4,5,6",CR0 4TF
Belgrave Walk,526805,168455,51.400961646390499,-0.178496474053518,"3,4,5,6",CR4 4NY
Bellingham,537702,172399,51.433864893456402,-0.020411770316258,"3",SE6 3BT
Belmont,525500,162098,51.344119924564907,-0.199489253183986,"5",SM2 6BH
Belsize Park,527399,185075,51.550190877683498,-0.163974492584094,"2",NW3 2AL
Belvedere,549498,179197,51.491959003101996,0.152033791924652,"5",DA17 6JW
Bermondsey,534461,179445,51.497960780257301,-0.064330090047704,"2",SE16 4RX
Berrylands,519728,168040,51.398768406045903,-0.280321477458493,"5",KT5 8LT
Bethnal Green,534995,182712,51.527191741205002,-0.055392111624538,"2",E2 0ET
Bethnal Green Rail,534683,182380,51.524282739366598,-0.060013742604310,"2",E2 6JL
Bexley,549399,173502,51.440814530537203,0.148203912973033,"6",DA5 1AQ
Bexleyheath,548294,176000,51.463549957587396,0.133362965018560,"5",DA7 4AA
Bickley,542304,168799,51.400379569187301,0.044304031580717,"5",BR1 2EB
Birkbeck,535297,168996,51.403863094305400,-0.056286235720335,"4",BR3 4TA
Blackfriars,531738,180890,51.511586927780201,-0.102995385235787,"1",EC4V 4DD
Blackheath,539604,175961,51.465408010912398,0.008336594707660,"3",SE3 9LE
Blackhorse Lane,534362,166844,51.384746183394903,-0.070533947899059,"3,4,5,6",CR0 6NL
Blackhorse Road,535914,189256,51.585776627067702,-0.039625711553213,"3",E17 6JJ
Blackwall,538394,180649,51.507831540533402,-0.007235165880044,"2",E14 9QB
Bond Street,528497,181053,51.513797524783797,-0.149613609827946,"1",W1C 2HU
Borough,532379,179734,51.501048869407001,-0.094197323149130,"1",SE1 1JX
Boston Manor,516391,178755,51.495765535296499,-0.324747188765788,"4",TW8 9LQ
Bounds Green,529996,191466,51.607031921240697,-0.124177065625754,"3,4",N11 2EU
Bow Church,537414,182824,51.527615203651997,-0.020499899199804,"2",E3 3AA
Bow Road,537148,182753,51.527041806757403,-0.024359590665109,"2",E3 4DH
Bowes Park,530299,191498,51.607249514695503,-0.119792219172905,"3,4",N22 8NL
Brent Cross,523905,187927,51.576599215060597,-0.213335840510563,"3",NW11 9UA
Brentford,517462,177864,51.487536307128693,-0.309622536694703,"4",TW8 9LF
Brentwood,559321,193036,51.613610336699203,0.299672816172118,"7",CM14 4EW
Brimsdown,536297,196997,51.655244614441003,-0.031092276944639,"5",EN3 7NA
Brixton,531076,175437,51.462736802074097,-0.114552097586618,"2",SW9 8HE
Brockley,536405,175801,51.464749662581397,-0.037748250547624,"2",SE4 2RW
Bromley North,540395,169699,51.408942311155698,0.017235451939687,"4",BR1 3NN
Bromley South,540431,168705,51.400001288708999,0.017359580478029,"5",BR1 1LX
Bromley-by-Bow,538034,182532,51.524840200182098,-0.011682374359927,"2,3",E3 3BT
Brondesbury,524718,184460,51.545262362378502,-0.202838485732291,"2",NW6 7QL
Brondesbury Park,524202,183898,51.540325365754597,-0.210473946681613,"2",NW6 6RP
Broxbourne,537407,207240,51.747015568088898,-0.011024083788315,"9",EN10 7AW
Bruce Grove,533758,190115,51.594011246233599,-0.070398989645739,"3",N17 8AD
Buckhurst Hill,541768,193957,51.626576660928002,0.046712541296572,"5",IG9 5ET
Burnt Oak,520303,190728,51.602551911810103,-0.264330712266273,"4",HA8 0LA
Bush Hill Park,533696,195396,51.641481959265498,-0.069280412500540,"5",EN1 1BA
Bushey,511860,195318,51.645544159502599,-0.384721541354714,"8",WD19 4ST
Caledonian Road,530568,184899,51.547885441027503,-0.118360861873635,"2",N7 9BA
Caledonian Road and Barnsbury,530800,184393,51.543284575419399,-0.115204856714900,"2",N1 0SL
Cambridge Heath,534855,183250,51.532059764208093,-0.057203200823544,"2",E2 7NA
Camden Road,529140,184191,51.541851234203598,-0.139203112522292,"2",NW1 9LQ
Camden Town,528920,183976,51.539969352276998,-0.142452381051009,"2",NW1 8NH
Canada Water,535399,179493,51.498168411844098,-0.050807120995405,"2",SE16 7BB
Canary Wharf,537558,180153,51.503578404368803,-0.019466840159664,"2",E14 4QS
Canning Town,539454,181350,51.513870287242000,0.008305632743937,"3",E16 1DQ
Cannon Street,532623,180888,51.511362088907099,-0.090250526883334,"1",EC4N 6AP
Canonbury,532355,184979,51.548188385176999,-0.092574195821121,"2",N1 2PG
Canons Park,518208,191246,51.607650569547801,-0.294391596540046,"5",HA8 6RN
Carpenders Park,511826,193386,51.628186717588598,-0.385829323805549,"7",WD19 7DT
Carshalton,527737,164858,51.368426365723998,-0.166398328000898,"5",SM5 2HT
Carshalton Beeches,527552,163625,51.357386840711698,-0.169496326135296,"5",SM5 3LG
Castle Bar Park,515853,181770,51.522973665283203,-0.331504076340438,"4",W7 1AY
Caterham,534099,155422,51.282162822606800,-0.078607298567441,"6",CR3 6LB
Catford,537245,173544,51.444264912020508,-0.026538498595421,"3",SE6 4XT
Catford Bridge,537363,173595,51.444694625056101,-0.024821875943796,"3",SE6 4RE
Centrale,532067,165785,51.375767467771603,-0.103888103843675,"3,4,5,6",CR0 1XT
Chadwell Heath,547646,187611,51.568046878226298,0.128901111583164,"5",RM6 4BE
Chafford Hundred,558922,178770,51.485554495917597,0.287475700682450,"7",RM16 6QQ
Chalfont and Latimer,499610,197550,51.667907479199499,-0.561067777319170,"8",HP7 9PR
Chalk Farm,528126,184421,51.544149086487600,-0.153733070875137,"2",NW3 2BP
Chancery Lane,531096,181642,51.518494016584697,-0.111962027485689,"1",WC1V 6DR
Charing Cross,530234,180492,51.508358630004800,-0.124802938133095,"1",WC2N 5HS
Charlton,541108,178387,51.486834988239401,0.030941644802429,"3",SE7 7AB
Cheam,524444,163334,51.355460242928103,-0.214211283594169,"5",SM3 8RZ
Chelsfield,546944,164021,51.356264582591493,0.108984119711242,"6",BR6 6EU
Chesham,496048,201650,51.705380020677303,-0.611429657125902,"9",HP5 1DH
Cheshunt,536652,202307,51.702873314750697,-0.023887415460790,"8",EN8 9AQ
Chessington North,518415,164168,51.364243442478298,-0.300476128855251,"6",KT9 2RT
Chessington South,517974,163319,51.356704530637501,-0.307089020685885,"6",KT9 2DD
Chigwell,543835,193045,51.617857872383397,0.076179215005296,"4",IG7 6NT
Chingford,539173,194628,51.633253373648003,0.009514325524674,"5",E4 6AL
Chipstead,527689,158275,51.309274982178700,-0.169445869499599,"6",CR5 3TD
Chislehurst,543205,169405,51.405598408406703,0.057491821448796,"5",BR7 5NN
Chiswick,520438,177182,51.480781494522802,-0.267013321856982,"3",W4 2QE
Chiswick Park,520352,178692,51.494370713986903,-0.267736922163610,"3",W4 5NE
Chorleywood,502596,196092,51.654265926423101,-0.518333926536853,"7",WD3 5ND
Church Street,532041,165555,51.373706561893002,-0.104346828895711,"3,4,5,6",CR0 1RN
City Thameslink,531688,181150,51.513935067762702,-0.103618449171561,"1",EC4M 7JH
Clapham Common,529428,175291,51.461803669852301,-0.138314902494851,"2",SW4 7AJ
Clapham High Street,529824,175709,51.465469513671501,-0.132464502577436,"2",SW4 6DQ
Clapham Junction,527198,175520,51.464366784275398,-0.170315002226266,"2",SW11 2QP
Clapham North,530003,175652,51.464916214992499,-0.129910062890382,"2",SW4 7TS
Clapham South,528782,174259,51.452676489115298,-0.147984069598376,"2,3",SW12 9DU
Clapton,534748,186531,51.561569087915203,-0.057489458453043,"2",E5 9JP
Clock House,536367,169545,51.408540560985507,-0.040702092590499,"4",BR3 4PR
Cockfosters,528087,196424,51.652024478869897,-0.149916711073587,"5",EN4 0DZ
Colindale,521295,189937,51.595230516049099,-0.250287543714841,"4",NW9 5HR
Colliers Wood,526831,170436,51.418759187761800,-0.177415099875595,"3",SW19 2HR
Coombe Lane,535201,164089,51.359789309490097,-0.059531571323665,"3,4,5,6",CR0 5RF
Coulsdon South,529869,159056,51.315800944170697,-0.137903090283073,"6",CR5 3EA
Coulsdon Town,530098,159802,51.322452953248003,-0.134347057284217,"6",CR5 2JA
Covent Garden,530242,180982,51.512760234858199,-0.124506894632723,"1",WC2E 9JT
Crayford,551479,174424,51.448546757006000,0.178502716278040,"6",DA1 3PY
Crews Hill,530973,200109,51.684474610941898,-0.106844100757440,"6",EN2 8AY
Cricklewood,524009,185907,51.558422668492298,-0.212547934101459,"3",NW2 1HL
Crofton Park,536517,174739,51.455179292291298,-0.036546581839275,"3",SE4 2RA
Crossharbour and London Arena,537896,179301,51.495839979218204,-0.014932813101888,"2",E14 8AD
Crouch Hill,530586,187508,51.571327097518200,-0.117133284889727,"3",N4 4AU
Croxley,507921,195395,51.647005280107003,-0.441603798252885,"7",WD3 3DY
Crystal Palace,534120,170557,51.418170351561798,-0.072607232760521,"3,4",SE19 2AZ
Custom House,540679,180911,51.509622056749897,0.025772510263947,"3",E16 3BX
Cutty Sark for Maritime Greenwich,538240,177764,51.481944467916001,-0.010581866729161,"2",SE10 9SW
Cyprus,543324,180863,51.508526581250003,0.063840755830206,"3",E6 5PH
Dagenham Dock,548900,183000,51.526287196845303,0.145031014043306,"5",RM9 6RA
Dagenham East,550284,185033,51.544187339015103,0.165833431683368,"5",RM10 8AA
Dagenham Heathway,549035,184665,51.541211790954698,0.147679720183138,"5",RM9 5AN
Dalston Junction,533580,184778,51.546093715652098,-0.074994204820963,"2",E8 3DL
Dalston Kingsland,533487,185062,51.548667818255502,-0.076226921950938,"2",E8 2JS
Debden,544275,196133,51.645492001721003,0.083801474837196,"6",IG10 3TG
Denmark Hill,532697,176087,51.468200639392798,-0.090987869578979,"2",SE5 8BB
Deptford,537165,177395,51.478890083593200,-0.026196319571605,"2",SE8 3NU
Deptford Bridge,537466,176912,51.474476771881001,-0.022052428800673,"2,3",SE10 8BU
Devons Road,537603,182233,51.522258467586902,-0.018007754192436,"2",E3 3QX
Dollis Hill,522207,185132,51.551850590714402,-0.238797761680588,"3",NW10 5NB
Drayton Green,516002,180998,51.516004675342899,-0.329611259707967,"4",W13 0JX
Drayton Park,531426,185499,51.553078306953502,-0.105770199748389,"2",N5 1NT
Dundonald Road,524741,170233,51.417398146730200,-0.207527112702531,"3,4,5,6",SW19 3QJ
Ealing Broadway,517920,180915,51.514861974896398,-0.302010381444888,"3",W5 2NU
Ealing Common,518963,180426,51.510248655726492,-0.287151417905478,"3",W5 3LD
Earls Court,525457,178480,51.491356671944800,-0.194313809287265,"1,2",SW5 9QA
Earlsfield,526081,173030,51.442238807384697,-0.187272688578691,"3",SW18 4SW
East Acton,521656,181159,51.516263414268899,-0.248112224861801,"2",W12 0BP
East Croydon,532904,165801,51.375716101925697,-0.091863496021995,"5",CR0 1LF
East Dulwich,533449,175375,51.461625582822798,-0.080436571503624,"2",SE22 8EF
East Finchley,527242,189204,51.587332544711600,-0.164743886020014,"3",N2 0NW
East Ham,542373,184255,51.539246164904696,0.051516293320307,"3,4",E6 2JA
East India,538729,180753,51.508684006289400,-0.002370331549097,"2,3",E14 9PS
East Putney,524387,174840,51.458879783532602,-0.210998234182405,"2,3",SW15 6SN
Eastcote,511191,187627,51.576551823244998,-0.396823299331061,"5",HA5 1QZ
Eden Park,537396,167598,51.390796102941600,-0.026669715553204,"5",BR3 3HQ
Edgware,519527,192009,51.614229622162597,-0.275093666466036,"5",HA8 7AW
Edgware Road (Bakerloo),527026,181778,51.520645361259099,-0.170539551586277,"1",W2 1DY
Edgware Road (Circle/District/Hammersmith and City),527227,181711,51.519998043114107,-0.167668254281134,"1",NW1 5DH
Edmonton Green,534273,193590,51.625115702594400,-0.061639019451700,"4",N9 9DX
Elephant and Castle,531940,179144,51.495849382439197,-0.100738714840864,"1,2",SE1 6LW
Elm Park,552446,185647,51.549124584185797,0.197252681986762,"6",RM12 4RW
Elmers End,535788,168389,51.398291108624903,-0.049463832278520,"4",BR3 4EJ
Elmstead Woods,542247,170656,51.417080631464799,0.044229342724344,"4",BR7 5EW
Elstree and Borehamwood,519098,196299,51.652875576094800,-0.279828619474053,"6",WD6 3LS
Eltham,542690,174962,51.455662220801301,0.052329307733168,"4",SE9 6UB
Elverson Road,537848,176243,51.468372189945399,-0.016816376211146,"2,3",SE8 4LA
Embankment,530406,180380,51.507312494776798,-0.122367336527157,"1",WC2N 6NS
Emerson Park,553971,187918,51.569114908911303,0.220222934339532,"6",RM11 2JR
Enfield Chase,532181,196607,51.652722111215297,-0.090704205484984,"5",EN2 7AA
Enfield Lock,536437,198737,51.670846122046299,-0.028391070105989,"6",EN3 6BW
Enfield Town,532970,196544,51.651970072309602,-0.079329922089082,"5",EN1 1YB
Epping,546197,201552,51.693686166111299,0.113825552744826,"6",CM16 4HW
Epsom Downs,522805,159756,51.323659438837701,-0.238970226780431,"6",KT17 4JX
Erith,551075,178096,51.481647675012702,0.174261289232435,"6",DA8 1TY
Essex Road,532114,184132,51.540633310850403,-0.096365525895624,"2",N1 2SU
Euston,529587,182735,51.528664330528798,-0.133296471846732,"1",NW1 2DU
Euston Square,529587,182735,51.528664330528798,-0.133296471846732,"1",NW1 2BN
Ewell East,522571,162152,51.345243876206197,-0.241503001372188,"6",KT17 1QR
Ewell West,521473,162654,51.349991142154401,-0.257089133042890,"6",KT17 1TU
Fairlop,544902,190655,51.596109543196299,0.090593279426820,"4",IG6 3HD
Falconwood,544498,175394,51.459085796386198,0.078509693012273,"4",SE9 2RN
Farringdon,531585,181844,51.520195688297498,-0.104843061950350,"1",EC1M 6BY
Feltham,510601,173298,51.447879172991293,-0.409824480951765,"6",TW13 4BY
Fenchurch Street,533434,180932,51.511566705893202,-0.078554152807721,"1",EC3M 4AJ
Fieldway,537665,163212,51.351317007254998,-0.024503265366105,"3,4,5,6",CR0 0QA
Finchley Central,525232,190664,51.600903250521903,-0.193220636879031,"4",N3 2RY
Finchley Road,526293,184703,51.547096198672897,-0.180050560513333,"2",NW6 3BS
Finchley Road and Frognal,526035,185033,51.550119498241003,-0.183651202652137,"2",NW3 5HT
Finsbury Park,531385,186784,51.564635445576897,-0.105881486175190,"2",N4 3JU
Forest Gate,540447,185322,51.549316118809003,0.024189091506703,"3",E7 0QH
Forest Hill,535398,172943,51.439308312369398,-0.053328504414839,"3",SE23 3HD
Fulham Broadway,525402,177244,51.480260903539097,-0.195544163747990,"2",SW6 1BY
Fulwell,514832,171841,51.433942565399903,-0.349438524762415,"6",TW2 5NY
Gallions Reach,543873,180935,51.509034139998398,0.071775394421608,"3",E6 6FZ
Gants Hill,543266,188432,51.576552952072703,0.066084097801222,"4",IG2 6UD
George Street,532432,165594,51.373966056841098,-0.098718105218688,"3,4,5,6",CRO 1LA
Gidea Park,552941,189306,51.581865746728703,0.205976980623001,"6",RM2 6BX
Gipsy Hill,533321,171237,51.424469522693997,-0.083835167516736,"3",SE19 1PL
Gloucester Road,526196,178848,51.494499557716701,-0.183543559526477,"1",SW7 4SF
Golders Green,525199,187471,51.572215533235202,-0.194834559142163,"3",NW11 7RN
Goldhawk Road,523131,179616,51.502076966571302,-0.227404006254784,"2",W12 8EG
Goodge Street,529505,181837,51.520613109457202,-0.134807690165887,"1",W1T 2HF
Goodmayes,546462,187369,51.566180982405200,0.111729654287275,"4",IG3 9UH
Gordon Hill,531889,197799,51.663502237466503,-0.094473299786474,"5",EN2 0QU
Gospel Oak,528263,185677,51.555405293199598,-0.151301032571058,"2",NW5 1LT
Grange Hill,544963,192590,51.613480425628602,0.092272529661441,"4",IG7 5QB
Grange Park,531753,195472,51.642623077247698,-0.097314423803414,"5",N21 1RE
Gravel Hill,536359,163536,51.354543255385501,-0.043121698754967,"3,4,5,6",CR0 5BJ
Great Portland Street,528861,182174,51.523788795894603,-0.143961425280776,"1",W1W 5PP
Green Park,529012,180283,51.506760484493903,-0.142477575597482,"1",W1J 7BX
Greenford,514808,183861,51.541980070869002,-0.345878740102040,"4",UB6 8PR
Greenwich,537956,177267,51.477547664237598,-0.014863083614262,"2,3",SE10 8JQ
Grove Park,540702,172099,51.430432643694203,0.022598502158195,"4",SE12 0PW
Gunnersbury,519843,178401,51.491863411452897,-0.275164135822926,"3",W4 5RP
Hackbridge,528582,165929,51.377860899564403,-0.153879198222095,"4",SM6 7BJ
Hackney Central,534922,184943,51.547257444982797,-0.055589511978132,"2",E8 1LL
Hackney Downs,534598,185137,51.549078085174003,-0.060185105063153,"2",E8 1LA
Hackney Wick,537036,184588,51.543558406495997,-0.025259502805246,"2",E9 5ER
Hadley Wood,526197,198199,51.668402871082101,-0.176581189644067,"6",EN4 0EJ
Haggerston,533560,183953,51.538684730179199,-0.075595258088281,"2",E8 4DY
Hainault,545124,191411,51.602845327026799,0.094108550302695,"4",IG6 3BD
Hammersmith (District),523474,178483,51.491819776079303,-0.222860928771942,"2",W6 9YA
Hammersmith (Met.),523346,178665,51.493483352120201,-0.224640157433783,"2",W6 0ED
Hampstead,526408,185757,51.556542595329397,-0.178014559946798,"2",NW3 1QG
Hampstead Heath,527344,185631,51.555199924561308,-0.164566183247471,"3",NW3 2QD
Hampton,513299,169797,51.415879552443201,-0.372135253741401,"6",TW12 2HU
Hampton Court,515376,168332,51.402293877436101,-0.342757152152150,"6",KT8 9AE
Hampton Wick,517407,169752,51.414640042318702,-0.313103609659083,"6",KT1 4DQ
Hanger Lane,518506,182621,51.530072033630397,-0.292996145555265,"3",W5 1DL
Hanwell,515426,180560,51.512185957848203,-0.338051884444727,"4",W7 3EB
Harlesden,520952,183367,51.536258327737599,-0.257495674234359,"3",NW10 8UT
Harold Wood,554858,190626,51.593202217827503,0.234204073424791,"6",RM3 0BL
Harringay,531395,188200,51.577357909394401,-0.105208252550848,"3",N4 1RW
Harringay Green Lanes,531880,188189,51.577145892924293,-0.098217391776152,"3",N4 2NU
Harrington Road,535002,168535,51.399790571801297,-0.060699954556837,"3,4,5,6",SE25 4NF
Harrow and Wealdstone,515486,189508,51.592594632669503,-0.334252685083283,"5",HA3 7RF
Harrow-on-the-Hill,515329,188035,51.579388118685102,-0.337001517323026,"5",HA1 1BB
Hatch End,513024,191370,51.609828503917797,-0.369178780976322,"6",HA5 5LZ
Hatton Cross,509614,175369,51.466685304206997,-0.423380563424048,"5,6",TW6 3PF
Haydons Road,526012,171161,51.425457318206000,-0.188929359351404,"3",SW19 8SL
Hayes,540003,165993,51.375736706829400,0.010142652463717,"5",BR2 7EN
Hayes and Harlington,509717,179417,51.503049074506102,-0.420641903606725,"5",UB3 4BX
Headstone Lane,513892,190574,51.602499626180602,-0.356907514381109,"5",HA2 6NB
Heathrow Terminal 4,507939,174565,51.459780429691897,-0.447729589959589,"6",TW6 3AA
Heathrow Terminal 5,504934,175642,51.470025425890498,-0.490647503171403,"6",TW6 2GA
Heathrow Terminals 1 2 3,507587,175838,51.471289400668802,-0.452407225588878,"6",TW6 1EB
Hendon,522143,188271,51.580074983216498,-0.238630520603124,"3,4",NW4 4PT
Hendon Central,522959,188631,51.583133046747697,-0.226734140088258,"3,4",NW4 3AS
Herne Hill,531934,174486,51.453991369728598,-0.102562908313382,"2,3",SE24 0JW
Heron Quays,537386,180127,51.503386568845897,-0.021953532062443,"2",E14 4JH
High Barnet,525027,196310,51.651688253342101,-0.194165380168301,"5",EN5 5RP
High Street Kensington,525622,179527,51.500729445389098,-0.191566057626722,"1",W8 5SA
Highams Park,538581,191841,51.608355993525102,-0.000135285919517,"4",E4 9LA
Highbury and Islington,531562,184770,51.546495506665103,-0.104082139863697,"2",N1 1SE
Highgate,528503,188158,51.577646617276898,-0.146934862183765,"3",N6 5BH
Hillingdon,507567,185015,51.553777515905701,-0.449897993430179,"6",UB10 9NR
Hither Green,538997,174497,51.452401722174898,-0.000970912324507,"3",SE13 5NF
Holborn,530553,181488,51.517235735069299,-0.119840507432380,"1",WC2B 6AA
Holland Park,524564,180215,51.507146483905800,-0.206557777890637,"2",W11 3RB
Holloway Road,530930,185457,51.552816103370503,-0.112935696952850,"2",N7 8HS
Homerton,536108,184901,51.546595446617197,-0.038512347104293,"2",E9 5SD
Honor Oak Park,536002,174221,51.450648240761197,-0.044153121142058,"3",SE23 3LE
Hornchurch,553931,186274,51.554355109585202,0.218926996584347,"6",RM12 6LS
Hornsey,530911,189202,51.586474851514502,-0.111815638121109,"3",N8 8SE
Hounslow,513902,174998,51.462504817585703,-0.361796256019886,"5",TW3 3DL
Hounslow Central,513592,175928,51.470925765892098,-0.365958129172842,"4",TW3 1JG
Hounslow East,514327,176254,51.473707894379999,-0.355275321854870,"4",TW3 4AB
Hounslow West,512215,176140,51.473105715816700,-0.385707628650378,"5",TW3 3DH
Hoxton,533582,183142,51.531391612525098,-0.075585647203494,"1,2",E2 8HR
Hyde Park Corner,528330,179801,51.502584012708198,-0.152474113978490,"1",SW1X 7LY
Ickenham,508127,185811,51.560825053389507,-0.441579512642598,"6",UB10 8PD
Ilford,543501,186501,51.559142241524093,0.068685190898036,"4",IG1 4DU
Imperial Wharf,526299,176674,51.474938927013397,-0.182837504741453,"2",SW6 2HA
Island Gardens,538228,178432,51.487950088120400,-0.010493303135647,"2",E14 3FA
Isleworth,515570,176430,51.475037423643997,-0.337328765089716,"4",TW7 4BX
Kenley,532400,160100,51.324600312412493,-0.101219712762299,"6",CR8 5JA
Kennington,531660,178337,51.488662458334097,-0.105070613410369,"2",SE11 4JQ
Kensal Green,523241,182784,51.530524214157907,-0.224713384073025,"2",NW10 5JT
Kensal Rise,523501,183201,51.534215064590107,-0.220820978659314,"2",NW10 3NT
Kensington (Olympia),524324,179178,51.497879699178696,-0.210379242339114,"2",W14 0NE
Kent House,535999,170000,51.412717659210202,-0.045815553179762,"4",BR3 1HY
Kentish Town,529029,185096,51.550009521690200,-0.140471263842415,"2",NW5 2AA
Kentish Town West,528603,184700,51.546547969524397,-0.146756409869457,"2",NW5 3LD
Kenton,516833,188304,51.581496283816897,-0.315216866613499,"4",HA3 0XS
Kew Bridge,518898,178172,51.490004615974797,-0.288846494745842,"3",TW8 0EF
Kew Gardens,519173,176708,51.476789136252101,-0.285381011417179,"3,4",TW9 3PZ
Kidbrooke,540999,175697,51.462690187932601,0.028300239135906,"3",SE3 9NF
Kilburn,524589,184644,51.546944435366107,-0.204632719131385,"2",NW6 7QL
Kilburn High Road,525553,183591,51.537267741107499,-0.191113105733610,"2",NW6 7QL
Kilburn Park,525361,183349,51.535135536904903,-0.193966057123936,"2",NW6 5AD
King George V,543231,180135,51.502008607354703,0.062206213876840,"3",E16 2JF
King Henry's Drive,537978,162558,51.345364097588302,-0.020264757446655,"3,4,5,6",CR0 0LH
King's Cross,530312,182991,51.530798190907902,-0.122756421397208,"1",N1 9AL
Kings Cross St. Pancras,530236,182935,51.530312462202303,-0.123872129573615,"1",N1 9AL
Kingsbury,519361,188739,51.584876516993297,-0.278601608230903,"4",NW9 9EG
Kingston,518244,169549,51.412641764247702,-0.301141040202050,"6",KT1 1UJ
Kingswood,524816,156585,51.294723138991998,-0.211233226116293,"6",KT20 6EN
Knightsbridge,527765,179650,51.501354897607101,-0.160664486118808,"1",SW3 1ED
Knockholt,548499,162896,51.345751939254399,0.130831038819843,"6",TN14 7HR
Ladbroke Grove,524284,181328,51.517210673453597,-0.210198172458574,"2",W10 6HJ
Ladywell,537716,174884,51.456192135075099,-0.019244401145345,"3",SE13 7XB
Lambeth North,531165,179489,51.499129945865803,-0.111768261180963,"1",SE1 7XG
Lancaster Gate,526711,180796,51.511890943083699,-0.175429928574922,"1",W2 4QH
Langdon Park,537807,181863,51.518883938351401,-0.015213798959812,"2",E14 6NW
Latimer Road,523789,180954,51.513958098483897,-0.217459666065143,"2",W10 6SZ
Lea Bridge,536175,187133,51.566636261265401,-0.036683157738068,"3",E10 7PG
Lebanon Road,533385,165756,51.375198996970298,-0.084973649174511,"3,4,5,6",CR0 6SF
Lee,540002,174197,51.449458519882498,0.013364692370397,"3",SE12 9JG
Leicester Square,529987,180812,51.511291181619796,-0.128242147580481,"1",WC2H 0AP
Lewisham,538163,175863,51.464880713235402,-0.012432700905880,"2,3",SE13 7RY
Leyton,538295,186244,51.558132270243100,-0.006465331582436,"3",E10 5PS
Leyton Midland Road,538150,187490,51.569364239336998,-0.008066347433393,"3",E10 6JT
Leytonstone,539345,187429,51.568522289099597,0.009140451951301,"3,4",E11 1HE
Leytonstone High Road,539298,186903,51.563807344188497,0.008254468831182,"3",E11 4RE
Limehouse,536150,181087,51.512312163538297,-0.039380077749548,"2",E14 7JD
Liverpool Street,533160,181596,51.517598264343903,-0.082249622277109,"1",EC2M 7PR
Lloyd Park,533711,164549,51.364275535154093,-0.080746273072169,"3,4,5,6",CR0 5RA
London Bridge,532937,180152,51.504674347562897,-0.086005598173039,"1",SE1 2SW
London City Airport,542231,180294,51.503689664155203,0.047872715444808,"3",E16 2DS
London Fields,534795,184212,51.540718841101103,-0.057699686410355,"2",E8 3PH
Loughborough Junction,531902,175897,51.466678899876797,-0.102497341535979,"2",SW9 8SA
Loughton,542314,195641,51.641570477697698,0.055279079103281,"6",IG10 4PD
Lower Sydenham,536831,171372,51.424846842511599,-0.033330341542937,"4",SE26 5AU
Maida Vale,525967,182792,51.529995056718093,-0.185432646931354,"2",W9 1JS
Malden Manor,521101,166497,51.384609536058399,-0.261120416398882,"4",KT3 5PN
Manor House,532074,187482,51.570747140220199,-0.095684976258855,"2,3",N4 1BZ
Manor Park,541929,185757,51.552854350050403,0.045723870060229,"3,4",E12 5EP
Mansion House,532347,180962,51.512091750122103,-0.094197657754332,"1",EC4N 6JD
Marble Arch,527875,181056,51.513965491790501,-0.158571216249827,"1",W1C 2JS
Maryland,539175,184881,51.545668271034302,0.005681654181823,"3",E15 1SA
Marylebone,527510,181985,51.522396668440102,-0.163492563860306,"1",NW1 6JJ
Maze Hill,539194,177909,51.483013656524697,0.003204896817655,"3",SE10 9XG
Merton Park,525182,169798,51.413391608444797,-0.201342031166711,"3,4,5,6",SW19 3HA
Mile End,536577,182545,51.525310970420200,-0.032666084330523,"2",E3 4DH
Mill Hill Broadway,521300,191900,51.612871127886002,-0.249537068494836,"4",NW7 2JU
Mill Hill East,524057,191460,51.608316644628701,-0.209895712873731,"4",NW7 1BS
Mitcham,527345,168082,51.397488614072202,-0.170871647171924,"3,4,5,6",CR4 4BD
Mitcham Eastfields,528488,169323,51.408383909865307,-0.154001718800568,"3",CR4 2ND
Mitcham Junction,528292,167611,51.393042567943702,-0.157436643661822,"4",CR4 4HN
Monument,532907,180814,51.510630415901801,-0.086188313687779,"1",EC4R 9AA
Moor Park,508563,193509,51.629930665410399,-0.432913027426758,"6,7",HA6 2JQ
Moorgate,532688,181677,51.518437139007702,-0.089017687875094,"1",EC2M 6TX
Morden,525664,168563,51.402185961613498,-0.194851981723419,"4",SM4 5AZ
Morden Road,525788,169310,51.408871889006001,-0.192805677251520,"3,4,5,6",SW19 3BX
Morden South,525301,167900,51.396307697574898,-0.200301562051216,"4",SM4 5AN
Mornington Crescent,529193,183359,51.534362217356907,-0.138744349838543,"2",NW1 2JA
Mortlake,520458,175779,51.468167936091000,-0.267203313914429,"3",SW14 8LN
Motspur Park,522581,167724,51.395319626608902,-0.239439745975172,"4",KT3 6JJ
Mottingham,542600,173197,51.439824976606999,0.050324202176705,"4",SE9 4EN
Mudchute,537908,178789,51.491236185337698,-0.014959944892763,"2",E14 9UW
Neasden,521415,185422,51.554627717006497,-0.250115045332305,"3",NW10 1PH
New Addington,538187,162255,51.342590508963902,-0.017383327085399,"3,4,5,6",CR0 0DE
New Barnet,526502,195996,51.648536769800600,-0.172969714019881,"5",EN5 1QT
New Beckenham,536718,170463,51.416705548655997,-0.035304949320436,"4",BR3 1QW
New Cross,536750,177110,51.476429415181599,-0.032278811502992,"2",SE14 6LD
New Cross Gate,536250,176967,51.475264928161202,-0.039529051936052,"2",SE14 6AR
New Eltham,544005,172999,51.437690660187698,0.070444618392266,"4",SE9 2AB
New Malden,521392,168612,51.403555906722907,-0.256218106160674,"4",KT3 4PX
New Southgate,528672,192218,51.614093666574902,-0.143009776041921,"4",N11 1QH
Newbury Park,544947,188378,51.575638355936093,0.090303157711892,"4",IG2 7RN
Norbiton,519424,169495,51.411909351021798,-0.284199947894883,"5",KT2 7AZ
Norbury,530650,169690,51.411188502872101,-0.122799401844700,"3",SW16 3RW
North Acton,520831,181937,51.523432427431402,-0.259729527847009,"2,3",W3 6UP
North Dulwich,532950,174567,51.454481808669101,-0.087918680717938,"2,3",SE21 7BX
North Ealing,518816,181243,51.517622288852898,-0.288993552615282,"3",W5 3AF
North Greenwich,539168,179827,51.500255152558204,0.003586259124858,"2,3",SE10 0PH
North Harrow,513540,188578,51.584631298927398,-0.362632993263413,"5",HA2 7SR
North Sheen,519132,175442,51.465419611251200,-0.286397466744351,"3",TW9 4QA
North Wembley,517663,186198,51.562396291538107,-0.303948219293080,"4",HA0 3NT
Northfields,517051,179296,51.500491670459802,-0.315064818770216,"3",W13 9QU
Northolt,513228,184519,51.548212900955001,-0.368440595510011,"5",UB5 4AA
Northolt Park,513829,185579,51.557619051283901,-0.359434196382601,"5",UB5 4XE
Northumberland Park,534861,191035,51.602015733099499,-0.054132025638138,"3",N17 0HY
Northwick Park,516634,187967,51.578508688014800,-0.318199391910867,"4",HA3 0AT
Northwood,509236,191441,51.611213610714998,-0.423837786672373,"6",HA6 2XL
Northwood Hills,510267,190305,51.600802645329303,-0.409311357826304,"6",HA6 1NZ
Norwood Junction,534001,168193,51.396954322133801,-0.075209856530230,"4",SE25 5AG
Notting Hill Gate,525296,180481,51.509375336345400,-0.195921618455085,"1,2",W11 3HT
Nunhead,535293,175975,51.466579984185898,-0.053679742644066,"2",SE15 3XE
Oakleigh Park,527001,194800,51.637676363045799,-0.166194966595086,"4",EN5 1BU
Oakwood,529349,195968,51.647637960474903,-0.131853539818674,"5",N14 4UT
Ockendon,559004,182828,51.521989645232892,0.290483475055789,"7",RM15 6PD
Old Street,532764,182474,51.525581471625998,-0.087622957828534,"1",EC1V 9NR
Orpington,545500,165900,51.373520047252597,0.089028901466373,"6",BR6 0SX
Osterley,514529,177094,51.481216810086202,-0.352096096073539,"4",TW7 4PU
Oval,531108,177516,51.481412600426701,-0.113321075862410,"2",SE11 4PP
Oxford Circus,529102,181227,51.515223402475293,-0.140836171281216,"1",W1C 2JS
Paddington,526680,181185,51.515393785476093,-0.175736752057180,"1",W2 1RH
Palmers Green,530925,192798,51.618786747993603,-0.110272500024408,"4",N13 4PN
Park Royal,519074,182274,51.526834020173901,-0.284928917693023,"3",W5 3EL
Parsons Green,525029,176645,51.474960152611303,-0.201124492361412,"2",SW6 4HU
Peckham Rye,534152,176271,51.469511364738203,-0.069983553186299,"2",SE15 5DQ
Penge East,535374,170791,51.419975348972493,-0.054495264806681,"4",SE20 7BQ
Penge West,534952,170567,51.418062928115503,-0.060645764552223,"4",SE20 8NU
Perivale,516404,183270,51.536341821196103,-0.323070421981107,"4",UB6 7NP
Petts Wood,544440,167548,51.388598990900093,0.074480029768347,"5",BR5 1LZ
Phipps Bridge,526534,168717,51.403376727803298,-0.182296788876552,"3,4,5,6",CR4 3QN
Piccadilly Circus,529612,180625,51.509696748582400,-0.133711597193113,"1",W1J 9HS
Pimlico,529711,178386,51.489552862109498,-0.133108258416060,"1",SW1V 2JA
Pinner,512233,189409,51.592361678087499,-0.381223790209780,"5",HA5 5LZ
Plaistow,540058,183305,51.531288335035107,0.017780641976788,"3",E13 0DY
Plumstead,544803,178820,51.489792424471702,0.084299616546870,"4",SE18 7EA
Ponders End,536097,195599,51.642730691280001,-0.034525104526366,"5",EN3 4LA
Pontoon Dock,541226,180102,51.502216215656098,0.033325707480742,"3",E16 2SB
Poplar,537698,180603,51.507588070486001,-0.017275493308351,"2",E14 0DS
Preston Road,518260,187292,51.572103728155803,-0.294972012548964,"4",HA3 0PS
Prince Regent,541215,180905,51.509434549718002,0.033488574045841,"3",E16 3HE
Pudding Mill Lane,537930,183585,51.534327854308998,-0.012768511952880,"2,3",E15 2PH
Purfleet,555417,178174,51.481173006029799,0.236774835792541,"7",RM16 1PL
Purley,531500,161497,51.337363554122597,-0.113613517836059,"6",CR8 2AP
Purley Oaks,532503,162594,51.346989339956799,-0.098815333062892,"6",CR2 0ND
Putney,523992,175061,51.460952530512699,-0.216603373518713,"2,3",SW15 1RT
Putney Bridge,524476,175842,51.467865337533397,-0.209365416848384,"2",SW6 3UH
Queens Park,524612,183239,51.534312650570101,-0.204798149386757,"2",NW6 6HJ
Queens Road Peckham,535015,176825,51.474284709265298,-0.057354978856183,"2",SE15 2JR
Queensbury,518802,189728,51.593882975436102,-0.286331597393279,"4",HA8 5NP
Queenstown Road,528763,176738,51.474959127149504,-0.147355312102418,"2",SW8 3RX
Queensway,525883,180615,51.510449232949902,-0.187419903087067,"1",W2 4SS
Rainham,552097,182099,51.517340515278597,0.190691975491140,"6",RM13 9YH
Ravensbourne,538699,170201,51.413870378631600,-0.006937815532007,"4",BR3 5HE
Ravenscourt Park,522558,178711,51.494067980539597,-0.235969233097656,"2",W6 0UG
Rayners Lane,512979,187538,51.575396732317103,-0.371060813774267,"5",HA5 5EG
Raynes Park,523206,169303,51.409375345516708,-0.229912939347557,"4",SW20 8NE
Rectory Road,534001,186199,51.558763476696598,-0.068385664721593,"2",N16 7QB
Redbridge,541833,188371,51.576366917370699,0.045394043962122,"4",IG4 5BG
Reedham,530835,160821,51.331441713064201,-0.123402624414610,"6",CR8 2DG
Reeves Corner,531895,165726,51.375277200459699,-0.106379778230850,"3,4,5,6",CR0 1XP
Regents Park,528765,182174,51.523810673215003,-0.145344410943574,"1",NW1 5HA
Richmond,518072,175174,51.463232885842501,-0.301739134006667,"4",TW9 2AZ
Rickmansworth,505717,194605,51.640323014466702,-0.473684584103803,"7",WD3 1QY
Riddlesdown,532497,161001,51.332674830924901,-0.099493667478297,"6",CR8 1HN
Roding Valley,541612,192882,51.616956446084600,0.044026207008969,"4",IG9 6LN
Romford,551377,188455,51.574641591876201,0.183055272296591,"6",RM1 1SX
Rotherhithe,535239,179870,51.501594504831203,-0.052966296414160,"2",SE16 4LF
Royal Albert,542029,180823,51.508493869637093,0.045177145065864,"3",E16 2QD
Royal Oak,525764,181485,51.518294352605203,-0.188823673616337,"2",W2 6ET
Royal Victoria,540139,180833,51.509055235064800,0.017965412568385,"3",E16 1DE
Ruislip,509510,187102,51.572161920974501,-0.421234925940202,"6",HA4 8LD
Ruislip Gardens,510367,185763,51.559960178137302,-0.409294111142661,"5",HA4 6LG
Ruislip Manor,510088,187258,51.573451574510102,-0.412849354371243,"6",HA4 9AA
Russell Square,530207,182122,51.523013038091101,-0.124590197769580,"1",WC1N 1LG
Sanderstead,532855,162743,51.348246253654096,-0.093708500054184,"6",CR2 0PL
Sandilands,533869,165749,51.375022272149693,-0.078026589773070,"3,4,5,6",CR0 5PN
Selhurst,532993,167636,51.392185769913603,-0.089899037087754,"4",SE25 6LL
Seven Kings,545401,187095,51.563993351761802,0.096319574739078,"4",IG3 8RE
Seven Sisters,533646,188927,51.583362159991196,-0.072466822819450,"3",N15 5LA
Shadwell,534936,180942,51.511300155266703,-0.056919207126133,"2",E1 2QE
Shenfield,561356,195022,51.630873097202098,0.329952264360176,"7",CM15 8JD
Shepherds Bush,523741,179904,51.504532150984097,-0.218519159443698,"2",W12 8LH
Shepherds Bush Market,523121,180039,51.505880708107199,-0.227400493416075,"2",W12 7JD
Shoreditch High Street,533501,182258,51.523466818969602,-0.077087424671985,"1",E1 6AW
Shortlands,539399,169300,51.405602366795200,0.002767544389066,"4",BR2 0JA
Sidcup,546300,172698,51.434398457571000,0.103315359084748,"5",DA15 7AW
Silver Street,533544,192472,51.615242477972203,-0.072589741560248,"4",N18 1QX
Slade Green,552250,176584,51.467747655153097,0.190518387554055,"6",DA8 2NX
Sloane Square,528080,178657,51.492359764246501,-0.156488857475889,"1",SW1W 8BB
Snaresbrook,540161,188828,51.580891273766497,0.021463927781742,"4",E11 1QE
South Acton,520166,179279,51.499685828359098,-0.270215207515349,"3",W3 0DS
South Bermondsey,535156,178319,51.487676615353998,-0.054754821237404,"2",SE16 2PL
South Croydon,532896,164358,51.362750197983402,-0.092517363286550,"5",CR2 7PA
South Ealing,517605,179437,51.501644020742802,-0.307040244951366,"3",W5 4QB
South Greenford,515462,182991,51.534027557157899,-0.336737482010078,"4",UB6 2WE
South Hampstead,526425,184081,51.541476847596599,-0.178371199960387,"2",NW8 0DJ
South Harrow,514334,186376,51.564680168418903,-0.351893970947759,"5",HA2 8HN
South Kensington,526865,178817,51.494071365584198,-0.173923023092099,"1",SW7 2NB
South Kenton,517350,187153,51.571044449478798,-0.308142977291795,"4",HA9 8QT
South Merton,524917,168662,51.403240555184901,-0.205550301341164,"4",SW20 9JT
South Quay,537636,179853,51.500863606498697,-0.018460692683223,"2",E14 9SH
South Ruislip,511080,185437,51.556890302442703,-0.399115910294711,"5",HA4 6TP
South Tottenham,533697,188599,51.580402586226803,-0.071855956601361,"3",N15 6ND
South Wimbledon,525828,170033,51.415360709911603,-0.191974546238533,"3,4",SW19 1DE
South Woodford,540577,190026,51.591552616345403,0.027943078326039,"4",E18 1JJ
Southall,512620,179804,51.505956911601800,-0.378711189802266,"4",UB2 4AA
Southbury,534803,196199,51.648433725344297,-0.052983310559568,"5",EN3 4HW
Southfields,524730,173291,51.444883313434502,-0.206609385570515,"3",SW18 5RJ
Southgate,529675,194278,51.632375848190399,-0.127770047251446,"4",N14 5BH
Southwark,531566,180025,51.503853620404797,-0.105794939570331,"1",SE1 8NW
St Helier,525408,167191,51.389912163643800,-0.199014591955063,"4",SM4 6SF
St James Street,536402,188694,51.580608664081304,-0.032804561739351,"3",E17 7PJ
St Johns,537400,176298,51.468975294739600,-0.023240661835560,"2",SE8 4EW
St Margarets,516732,174250,51.455205991345707,-0.321324247881547,"4",TW1 2LH
St Mary Cray,546698,168298,51.394759407916297,0.107217899555122,"6",BR5 3SN
St Pancras,530122,182959,51.530554401681400,-0.125505781970060,"1",NW1 2QP
St. James's Park,529629,179503,51.499609794430299,-0.133878755377767,"1",SW1H 0BD
St. Johns Wood,526742,183352,51.534854410857399,-0.174064840419389,"2",NW8 6DN
St. Pauls,532105,181261,51.514835295933707,-0.097571000665086,"1",EC2V 6AA
Stamford Brook,521913,178738,51.494449967762598,-0.245246309525915,"2",W6 0SB
Stamford Hill,533381,187928,51.574447603718902,-0.076668341909703,"3",N16 5AG
Stanmore,517574,192569,51.619673443949893,-0.303099292944956,"5",HA7 4PD
Star Lane,539148,182091,51.520604251122897,0.004191002626815,"3",E16 4SR
Stepney Green,535566,182149,51.521995833581101,-0.047382523321798,"2",E1 4AQ
Stockwell,530473,176470,51.472159255789698,-0.122846304228405,"2",SW9 9AE
Stoke Newington,533710,186845,51.564637609944803,-0.072335394678151,"2",N16 6YA
Stonebridge Park,519690,184197,51.543986554071502,-0.275400441518915,"3",NW10 0RW
Stoneleigh,522021,164155,51.363364052303602,-0.248709657071290,"5",KT17 2JA
Stratford,538533,184421,51.541692579361701,-0.003751641027658,"3",E15 1AZ
Stratford High Street,538729,184032,51.538148951559002,-0.001080356003760,"3",E15 3PA
Stratford International,538175,184758,51.544808534808297,-0.008778434016596,"3",E15 2LZ
Strawberry Hill,515500,172502,51.439747832120901,-0.339617731106479,"5",TW1 4PP
Streatham,529946,171303,51.425845862670002,-0.132325496748753,"3",SW16 6HP
Streatham Common,529729,170534,51.418984670787303,-0.135726165100961,"3",SW16 5NT
Streatham Hill,530233,172714,51.438460365409298,-0.127681481482866,"3",SW2 4PA
Sudbury and Harrow Road,516853,185300,51.554493783405498,-0.315926241750592,"4",HA0 2HA
Sudbury Hill,515427,185584,51.557339559276400,-0.336392115131209,"4",HA1 3RA
Sudbury Hill Harrow,515490,185697,51.558342272384508,-0.335446693118045,"4",HA1 3RJ
Sudbury Town,516832,184955,51.551397442548499,-0.316343485736328,"4",HA0 2LA
Sundridge Park,540599,170200,51.413393799227599,0.020365109002986,"4",BR1 3TR
Surbiton,518070,167315,51.392599533119402,-0.304384559830353,"6",KT6 4PE
Surrey Quays,535641,178954,51.493266856849601,-0.047529987654058,"2",SE16 2UE
Sutton,526028,163823,51.359506135223498,-0.191302011169460,"5",SM1 1JA
Sutton Common,525593,165598,51.375554694893403,-0.196919912385798,"4",SM1 3HY
Swiss Cottage,526611,184259,51.543034846664199,-0.175626604430278,"2",NW3 6HY
Sydenham,535311,171609,51.427341251770002,-0.055088670936678,"3",SE26 5EU
Sydenham Hill,533548,172145,51.432575887512101,-0.080230207878320,"3",SE21 7HW
Syon Lane,516306,177163,51.481474687780697,-0.326495034576377,"4",TW7 5NT
Tadworth,523097,156199,51.291627864118801,-0.236008015886358,"6",KT20 5SP
Tattenham Corner,522593,158140,51.309181310427597,-0.242566272809415,"6",KT18 5PR
Teddington,516019,170817,51.424497497074299,-0.332705337018505,"6",TW11 9AA
Temple,530995,180810,51.511040607270601,-0.113725750277665,"1",WC2R 2PH
Thames Ditton,515721,166818,51.388616072074399,-0.338292837634167,"6",KT7 0PA
Theobalds Grove,535933,201119,51.692372588985201,-0.034748134411186,"7",EN8 7BG
Therapia Lane,530290,166843,51.385685790778197,-0.129017106854559,"3,4,5,6",CR0 3DD
Theydon Bois,545509,199180,51.672552083172093,0.102890736252082,"6",CM16 7EU
Thornton Heath,532242,168317,51.398481078070901,-0.100433165116845,"4",CR7 8RX
Tolworth,519834,165603,51.376843316034801,-0.279620114993200,"5",KT5 9NU
Tooting,527969,170591,51.419896632544599,-0.161002472127555,"3",SW17 9JR
Tooting Bec,528015,172366,51.435838064106697,-0.159700492309773,"3",SW17 9AH
Tooting Broadway,527415,171373,51.427049144824899,-0.168684527427570,"3",SW17 0SU
Tottenham Court Road,529774,181354,51.516210870074602,-0.131110438934185,"1",W1D 2DA
Tottenham Hale,534483,189465,51.587997778177197,-0.060187822691931,"3",N17 9LR
Totteridge and Whetstone,526111,193951,51.630246719655801,-0.179354263099613,"4",N20 9QP
Tower Gateway,533725,180809,51.510392642311402,-0.074409877228630,"1",EC3N 1JL
Tower Hill,533566,180805,51.510394273237203,-0.076701198458127,"1",EC3N 4DJ
Tufnell Park,529200,185816,51.556440797934698,-0.137742175150487,"2",N19 5QB
Tulse Hill,531797,172903,51.439797427529903,-0.105122509095841,"3",SE27 9BW
Turkey Street,535129,198903,51.672653660961998,-0.047229931357124,"6",EN3 5TT
Turnham Green,521267,178804,51.495181941248603,-0.254524568052840,"2",W4 1LR
Turnpike Lane,531524,189650,51.590358133915601,-0.102805041186646,"3",N15 3NX
Twickenham,516221,173687,51.450250947309598,-0.328860226374421,"5",TW1 1BD
Upminster,556167,186833,51.558763356628802,0.251400801076897,"6",RM14 2TD
Upminster Bridge,555002,186681,51.557718801033907,0.234541888686178,"6",RM12 6PL
Upney,545844,184260,51.538405647702000,0.101531744050965,"4",IG11 9LS
Upper Holloway,529778,186630,51.563623304643997,-0.129109363657748,"2",N19 4DJ
Upper Warlingham,534100,158383,51.308772254655707,-0.077481661912105,"6",CR3 0EP
Upton Park,541204,183931,51.536628200641601,0.034541839650474,"3",E13 9AP
Uxbridge,505698,184161,51.546454506604093,-0.477101559701882,"6",UB8 1JZ
Vauxhall,530366,177978,51.485735801715698,-0.123829952856406,"1,2",SW8 1SR
Victoria,528941,179131,51.496423952731703,-0.143920706325316,"1",SW1E 5JX
Waddon,531151,164828,51.367379257058907,-0.117394076608697,"5",CR0 4NA
Waddon Marsh,531082,165906,51.377082952023400,-0.117987464951922,"3,4,5,6",CR0 4XT
Wallington,528841,163985,51.360331544383797,-0.150863835123150,"5",SM6 0DZ
Waltham Cross,536520,200343,51.685257256322799,-0.026564257248425,"7",EN8 7LU
Walthamstow Central,537286,188986,51.583018113367103,-0.019940545026934,"3",E17 7LP
Walthamstow Queens Road,537020,188815,51.581546191495107,-0.023843943331908,"3",E17 7QZ
Wandle Park,531422,165505,51.373400715732799,-0.113253321178582,"3,4,5,6",CR0 4JS
Wandsworth Common,527719,173530,51.446365604358597,-0.163536980965717,"3",SW12 8NL
Wandsworth Road,529354,176226,51.470223202223600,-0.139037675747108,"2",SW8 4PA
Wandsworth Town,525985,175119,51.461034075743299,-0.187910037730367,"2",SW18 1SU
Wanstead,540685,188176,51.574902149817298,0.028760472385064,"4",E11 2NT
Wanstead Park,540592,185600,51.551778078473099,0.026389943008505,"3",E7 0HU
Wapping,535030,180170,51.504340316373799,-0.055860814532627,"2",E1W 3PA
Warren Street,529253,182272,51.524579988627202,-0.138278331644798,"1",NW1 3AA
Warwick Avenue,526158,182030,51.523104435131899,-0.182953293055720,"2",W9 2PT
Waterloo,531050,179933,51.503146639697398,-0.113259251998453,"1",SE1 7NY
Waterloo East,531332,180054,51.504168609765102,-0.109153637581110,"1",SE1 8NH
Watford,509579,196610,51.657605096073503,-0.417270006883679,"7",WD18 7LE
Watford High Street,511360,196098,51.652653704545003,-0.391696729322962,"8",WD17 2EG
Watford Junction,511023,197340,51.663883013247897,-0.396171957174806,,WD17 1ET
Wellesley Road,532511,165752,51.375367538535698,-0.097524908634325,"3,4,5,6",CR0 2DD
Welling,546096,176073,51.464777088199000,0.101775038473133,"4",DA16 3AT
Wembley Central,518214,185039,51.551864780302701,-0.296392327030991,"4",HA9 6AG
Wembley Park,519373,186341,51.563322458125498,-0.279242552649773,"4",HA9 9AA
Wembley Stadium,518924,185366,51.554654570564701,-0.286046446735794,"4",HA9 8BQ
West Acton,519394,181273,51.517770150265903,-0.280657175489370,"3",W3 6UP
West Brompton,525383,178030,51.487328914726497,-0.195538811890396,"2",SW5 9JX
West Croydon,532188,166098,51.378552174129297,-0.102034292902506,"5",CR0 2TA
West Drayton,506124,180122,51.510071218535998,-0.472176096858205,"6",UB7 9DY
West Dulwich,532798,173053,51.440911821297199,-0.090672676392605,"3",SE21 8HN
West Ealing,516690,180749,51.513625205209699,-0.319782954648735,"3",W13 0NQ
West Finchley,525507,191601,51.609262727783907,-0.188917109550708,"4",N3 1NT
West Ham,539202,182974,51.528525519359903,0.005317393830628,"3",E15 3BN
West Hampstead,525524,184726,51.547474333050801,-0.191126585563572,"2",NW6 2LX
West Hampstead Thameslink,525423,184852,51.548629122614798,-0.192537519702221,"2",NW6 1XJ
West Harrow,514163,187957,51.578924237987600,-0.353846697165067,"5",HA1 4HE
West India Quay,537471,180505,51.506762657667707,-0.020582447150931,"2",E14 4ED
West Kensington,524635,178321,51.490109362443697,-0.206203694687821,"2",W14 9NL
West Norwood,531956,171955,51.431241115650003,-0.103189134912662,"3",SE27 0HS
West Ruislip,508364,186791,51.569587871370302,-0.437860145556687,"6",HA4 7WD
West Silvertown,540455,180155,51.502884434803001,0.022246046649938,"3",E16 2AT
West Sutton,525081,164539,51.366150135202197,-0.204644548460784,"5",SM1 2EH
West Wickham,538266,166563,51.381284201265899,-0.014576330422023,"5",BR4 0PY
Westbourne Park,524920,181764,51.520988841338600,-0.200882515158211,"2",W11 1AB
Westcombe Park,540199,178103,51.484508895998601,0.017745700242936,"3",SE3 7EQ
Westferry,537064,180814,51.509638147910898,-0.026323137139852,"2",E14 8AD
Westminster,530240,179718,51.501401591350103,-0.125002079249726,"1",SW1A 2JR
White City,523296,180750,51.512232437641501,-0.224631931448130,"2",W12 7RH
White Hart Lane,533693,191340,51.605034770871796,-0.070870326822947,"3",N17 7RP
Whitechapel,534738,181859,51.519587785575503,-0.059420485189182,"2",E1 1BY
Whitton,514220,173568,51.449588190717400,-0.357682060872100,"5",TW2 7LG
Whyteleafe,533842,158505,51.309929318346299,-0.081135165382747,"6",CR3 0AD
Whyteleafe South,534169,157797,51.303489803442098,-0.076712514743058,"6",CR3 0BD
Willesden Green,523350,184884,51.549373286431802,-0.222407604124480,"2,3",NW2 4QT
Willesden Junction,521905,182942,51.532233963493603,-0.243909143297483,"3",NW10 4RA
Wimbledon,524791,170647,51.421107844971800,-0.206662835920936,"3",SW19 1PS
Wimbledon Chase,524306,169347,51.409530932270400,-0.214089769747315,"3",SW20 8DB
Wimbledon Park,525274,172158,51.434580952628693,-0.199186275276999,"3",SW19 7DZ
Winchmore Hill,531529,194494,51.633886859158103,-0.100916933316384,"4",N21 3NG
Wood Green,531038,190427,51.597453728312097,-0.109526589468032,"3",N22 8HH
Wood Lane,523314,180464,51.509658194800302,-0.224472608638623,"2",W12 7DS
Wood Street,538521,189426,51.586669944006303,-0.001953898013222,"4",E17 3NZ
Woodford,540952,191778,51.607201844378501,0.034056202345483,"4",IG8 7QE
Woodgrange Park,541861,185332,51.549052535250397,0.044572496106252,"3,4",E7 8AA
Woodmansterne,528720,159385,51.319018579426803,-0.154262128540663,"6",CR5 3HS
Woodside,534716,167115,51.387097683133902,-0.065347178099500,"3,4,5,6",SE25 5DP
Woodside Park,525725,192564,51.617868399864200,-0.185425504725524,"4",N12 8SE
Woolwich Arsenal,543754,178803,51.489907116547997,0.069193906407498,"4",SE18 6HX
Woolwich Dockyard,542738,178908,51.491107794794601,0.054612348313615,"3",SE18 5JY
Worcester Park,522192,166133,51.381104487289399,-0.245575291815635,"4",KT4 7ND
